Training accuracy,Testing accuracy
0.83293310463121784,0.73525377229080935
