Training accuracy,Testing accuracy
0.80137221269296743,0.7407407407407407
