Training accuracy,Testing accuracy
0.69811320754716977,0.69410150891632372
