Training accuracy,Testing accuracy
0.82435677530017148,0.71879286694101507
